<!DOCTYPE hibernate-mapping PUBLIC "-//Hibernate/Hibernate Mapping DTD 3.0//EN"
        "http://hibernate.sourceforge.net/hibernate-mapping-3.0.dtd">
<hibernate-mapping>
    <class name="entities.Empleado" table="empleado">
        <id name="dni" type="string" length="9" column="dni">
            <generator class="assigned"/>
        </id>
        <property name="nombre" type="string" length="40" not-null="true" column="nom_emp"/>
        <many-to-one name="departamento" class="entities.Departamento" column="id_depto"/>
        <one-to-one name="datosProf" class="entities.DatosProfEmpleado"/>
    </class>
</hibernate-mapping>