{
  "Pisos" : [ {
    "ID" : 1,
    "Direccion" : "Calle Falsa 123",
    "Ciudad" : "Madrid",
    "Superficie" : 85,
    "NumeroHabitaciones" : 3,
    "PrecioAlquiler" : 850
  }, {
    "ID" : 2,
    "Direccion" : "Avenida Siempreviva 742",
    "Ciudad" : "Barcelona",
    "Superficie" : 100,
    "NumeroHabitaciones" : 4,
    "PrecioAlquiler" : 1200
  }, {
    "ID" : 3,
    "Direccion" : "Json",
    "Ciudad" : "prueba",
    "Superficie" : 1,
    "NumeroHabitaciones" : 2,
    "PrecioAlquiler" : 3
  }, {
    "ID" : 4,
    "Direccion" : "9",
    "Ciudad" : "9",
    "Superficie" : 9,
    "NumeroHabitaciones" : 9,
    "PrecioAlquiler" : 9
  }, {
    "ID" : 5,
    "Direccion" : "1",
    "Ciudad" : "1",
    "Superficie" : 1,
    "NumeroHabitaciones" : 1,
    "PrecioAlquiler" : 1
  } ],
  "Propietarios" : [ {
    "ID" : 1,
    "Nombre" : "Juan Pérez",
    "Telefono" : "600123456",
    "Correo" : "juanperez@example.com",
    "Propiedades" : 2
  }, {
    "ID" : 2,
    "Nombre" : "Ana García",
    "Telefono" : "600987654",
    "Correo" : "anagarcia@example.com",
    "Propiedades" : 1
  }, {
    "ID" : 3,
    "Nombre" : null,
    "Telefono" : null,
    "Correo" : null,
    "Propiedades" : 0
  }, {
    "ID" : 4,
    "Nombre" : "Pepe",
    "Telefono" : "1",
    "Correo" : "1",
    "Propiedades" : 1
  } ],
  "Inquilinos" : [ {
    "ID" : 1,
    "Nombre" : "Carlos López",
    "Telefono" : "611223344",
    "Correo" : "carloslopez@example.com",
    "PisoAlquiladoID" : 1,
    "DuracionContrato" : 12
  }, {
    "ID" : 2,
    "Nombre" : "Laura Fernández",
    "Telefono" : "622334455",
    "Correo" : "laurafernandez@example.com",
    "PisoAlquiladoID" : 2,
    "DuracionContrato" : 24
  }, {
    "ID" : 3,
    "Nombre" : "Pepe2",
    "Telefono" : "1",
    "Correo" : "2",
    "PisoAlquiladoID" : 3,
    "DuracionContrato" : 4
  } ]
}